INSERT INTO dba.Genres (IdGenre,Genre,Reel)
 VALUES
 ('G01', 'Personnages de film réel', 0),
 ('G02', 'Personnages de film animé', 0),
 ('G03', 'Artistes', 1),
 ('G04', 'Politiciens', 1),
 ('G05', 'Autres', 1);

 INSERT INTO dba.Personnages (IdPersonnage, Nom, Prenom, Description, Image, IdGenre)
 VALUES
 ('P01', null, 'Daenerys', 'Elle pète le feu', 'daenerys.jpg', 'G01'),
 ('P02','Man', 'Iron', 'Boite de conserve volante', '\iron_man.jpg', 'G01'),
 ('P03', null, 'Deadpool', 'Vous vous demandez pourquoi le costume rouge? C''est pour que les méchants ne me voient pas saigner. Il y en a un qui a tout compris, il a mis son froc marron', 'deadpool.jpg', 'G01'),
 ('P04', 'Simpson', 'Homer', 'Il est vulgaire, alcoolique, en surpoids, incompétent, maladroit, paresseux.', 'homer.jpg', 'G02'),
 ('P05', null, 'Aladdin', 'Ce rève bleu', 'aladdin.jpg', 'G02'),
 ('P06', null, 'Thanos', 'Je suis un spéléologue (chercheur de pierre)', 'thanos.jpg', 'G01'),
 ('P07', null, 'Wolverine', 'T''as pas du vernis', 'wolverine.jpg', 'G01'),
 ('P08', 'L''éponge', 'Bob', 'On m''utilise pour laver la vaiselle', 'bob.jpg', 'G02'),
 ('P09', 'Sparrow', 'Jack', 'Si tu bois du rhum le matin, t''es pas un alcoolique. T''es un pirate !', 'jack_sparrow.jpg', 'G01'),
 ('P10', null, 'Thor', 'C''est quand tu n''as pas raison', 'thor.jpg', 'G01'),
 ('P11', null, 'Mario', 'J''ai une longue moustache', 'mario.jpg', 'G02'),
 ('P12', null, 'Voldemort', 'Tu sais qui !', 'voldemort.jpg', 'G01'),
 ('P13', 'Weasley', 'Ron', 'On ne dit pas : un roux vieillit, mais on dit : il rouille', 'ron_weasley.jpg', 'G01'),
 ('P14', 'Simpson', 'Bart', 'Je ressemble à mon père', 'bart.jpg', 'G02'),
 ('P15', null, 'Bowser', 'En général, j''enlève les princesses', 'bowser.jpg', 'G02'),
 ('P16', 'Watson', 'Emma', 'J''aime les roux', 'emma.jpg', 'G03'),
 ('P17', 'Trump', 'Donald', 'The Wall ', 'donald_trump.jpg', 'G04'),
 ('P18', 'Jong-un', 'Kim', 'Ma dictature, ma vie', 'kim_jung-un.jpg', 'G04'),
 ('P19', 'Van Damme', 'Jean-Claude', 'J''adore l''eau, dans 20 ou 30 ans , il y en aura plus', 'jcvd.jpg', 'G03'),
 ('P20', 'Bieber', 'Justin', 'What do you mean ?', 'justin_bieber.jpg', 'G03'),
 ('P21', 'Damiens', 'François', 'Tu sors ou j''te sors !', 'francois_damiens.jpg', 'G03'),
 ('P22', 'Hallyday', 'Johny', 'L''intégrité de l''héritage enfin dans un seul cofffre', 'johnny.jpg', 'G03'),
 ('P23', null, 'Stromae', 'Je suis formidable', 'stromae.jpg', 'G03'),
 ('P24', 'Musk', 'Elon', 'Faillite ou succès insolite?', 'elon_musk.jpg', 'G05'),
 ('P25', null, 'Squeezie', 'Un geek qui fait des putaclics', 'squeezie.jpeg', 'G05'),
 ('P26', 'Thunberg', 'Greta', 'A du sang nordique', 'greta.jpg', 'G05'),
 ('P27', null, 'Norman', 'Bouclé comme un mouton', 'ormanYT.jpg', 'G05'),
 ('P28', null, 'Jul', 'On m''appelle l''OVNI', 'jul.jpg', 'G05'),
 ('P29', null, 'Ghandi', 'Gardien de la paix', 'gandhi.jpeg', 'G03'),
 ('P30', 'Hitler', 'Adolf', 'Ecrivain a mes heures perdues', 'hitler.jpg', 'G04');

INSERT INTO dba.Indices (IdIndices,Indice)
 VALUES
 ('I01', 'Je suis une femme'),
 ('I02', 'Super héro'),
 ('I03', 'L''intelligence n''est pas leur plus grande force'),
 ('I04', 'Tous les enfants le connaissent'),
 ('I05', 'Super méchant'),
 ('I06', 'Méchant en étant gentil'),
 ('I07', 'L''emblème des jeux vidéos'),
 ('I08', 'Homme de loi'),
 ('I09', 'Acteur connu'),
 ('I10', 'Je suis un grand musicien'),
 ('I11', 'Business man'),
 ('I12', 'On follow tous'),
 ('I13', 'Je suis une ado'),
 ('I14', 'On écoute sans le vouloir'),
 ('I15', 'Homme de paix'),
 ('I16', 'Mère des dragons'),
 ('I17', 'Alias Tony Stark'),
 ('I18', 'Chef de la X force'),
 ('I19', 'Père de bart Simpson'),
 ('I20', 'Mari de Jasmine'),
 ('I21', 'J''ai le gant de l''infini'),
 ('I22', 'On m''appelle Logan'),
 ('I23', 'Je vis à Bikkini Bottom'),
 ('I24', 'Le seigneur pirate de la mer des Caraïbes'),
 ('I25', 'Je suis le fils d''Odin'),
 ('I26', 'Je dois sauvez Peach'),
 ('I27', 'J''ai pas de nez'),
 ('I28', 'Meilleur ami Harry Potter'),
 ('I29', 'Fils d''Homer Simpson'),
 ('I30', 'Ennemi de Mario'),
 ('I31', 'Joue Hermione Granger'),
 ('I32', 'Président de état-unis'),
 ('I33', 'Président de la Corée du Nord'),
 ('I34', 'Acteur principale dans kickboxer'),
 ('I35', 'Baby !! Baby'),
 ('I36', 'Alias François l''embrouille'),
 ('I37', 'Oh Marie'),
 ('I38', 'Papaoutai'),
 ('I39', 'Créateur de tesla'),
 ('I40', 'Plus grand youtubeur français'),
 ('I41', 'Jeune activiste de l''écologie'),
 ('I42', 'Faux'),
 ('I43', 'Rappeur Marseillais'),
 ('I44', 'Indien'),
 ('I45', 'Chef des Nazis');

 INSERT INTO dba.indices_personnages (IdPersonnages,IdIndice,n_indice)
 VALUES

 ('P01','I01',0),
 ('P02','I02',0),
 ('P03','I02',0),
 ('P04','I03',0),
 ('P05','I04',0),
 ('P06','I05',0),
 ('P07','I02',0),
 ('P08','I03',0),
 ('P09','I06',0),
 ('P10','I02',0),
 ('P11','I07',0),
 ('P12','I05',0),
 ('P13','I03',0),
 ('P14','I03',0),
 ('P15','I05',0),
 ('P16','I01',0),
 ('P17','I08',0),
 ('P18','I08',0),
 ('P19','I09',0),
 ('P20','I10',0),
 ('P21','I09',0),
 ('P22','I10',0),
 ('P23','I10',0),
 ('P24','I11',0),
 ('P25','I12',0),
 ('P26','I13',0),
 ('P27','I12',0),
 ('P28','I14',0),
 ('P29','I15',0),
 ('P30','I05',0),
 ('P01','I16',1),
 ('P02','I17',1),
 ('P03','I18',1),
 ('P04','I19',1),
 ('P05','I20',1),
 ('P06','I21',1),
 ('P07','I22',1),
 ('P08','I23',1),
 ('P09','I24',1),
 ('P10','I25',1),
 ('P11','I26',1),
 ('P12','I27',1),
 ('P13','I28',1),
 ('P14','I29',1),
 ('P15','I30',1),
 ('P16','I31',1),
 ('P17','I32',1),
 ('P18','I33',1),
 ('P19','I34',1),
 ('P20','I35',1),
 ('P21','I36',1),
 ('P22','I37',1),
 ('P23','I38',1),
 ('P24','I39',1),
 ('P25','I40',1),
 ('P26','I41',1),
 ('P27','I42',1),
 ('P28','I43',1),
 ('P29','I44',1),
 ('P30','I45',1);
